"age","workclass","fnlwgt","education","education-num","marital-status","occupation","relationship","race","sex","capital-gain","capital-loss","hours-per-week","native-country","target"
39,"Private",269323,"Assoc-voc",11,"Married-civ-spouse","Other-service","Husband","White","Male",0,1485,38,"United-States",">50K"
42,"Federal-gov",55457,"10th",6,"Married-civ-spouse","Adm-clerical","Husband","White","Male",0,0,40,"Mexico","<=50K"
21,"",231511,"Some-college",10,"Never-married","","Own-child","White","Female",0,0,20,"United-States","<=50K"
54,"Private",297551,"Some-college",10,"Married-civ-spouse","Craft-repair","Husband","White","Male",7298,0,40,"United-States",">50K"
18,"",98549,"HS-grad",9,"Never-married","","Own-child","White","Female",0,1602,35,"United-States","<=50K"
20,"",177161,"HS-grad",9,"Never-married","","Own-child","Other","Female",0,0,45,"United-States","<=50K"
53,"Local-gov",164300,"Bachelors",13,"Divorced","Adm-clerical","Unmarried","White","Female",0,0,38,"Dominican-Republic","<=50K"
23,"Private",363219,"Some-college",10,"Never-married","Priv-house-serv","Not-in-family","White","Female",0,0,6,"United-States","<=50K"
28,"Private",192591,"Bachelors",13,"Never-married","Adm-clerical","Not-in-family","White","Female",0,0,45,"United-States","<=50K"
68,"",141181,"9th",5,"Married-civ-spouse","","Husband","White","Male",0,0,2,"United-States","<=50K"
25,"Private",80312,"Assoc-voc",11,"Never-married","Adm-clerical","Not-in-family","White","Female",4865,0,40,"United-States","<=50K"
26,"Private",180246,"Some-college",10,"Married-civ-spouse","Exec-managerial","Husband","White","Male",7688,0,40,"United-States",">50K"
39,"Private",139012,"Bachelors",13,"Married-civ-spouse","Adm-clerical","Husband","Asian-Pac-Islander","Male",0,0,40,"Philippines",">50K"
52,"Private",111700,"Some-college",10,"Divorced","Sales","Other-relative","White","Female",0,0,20,"United-States",">50K"
29,"Self-emp-inc",241431,"Doctorate",16,"Married-civ-spouse","Prof-specialty","Husband","White","Male",0,0,35,"United-States",">50K"
19,"Private",40425,"Some-college",10,"Never-married","Sales","Not-in-family","White","Female",0,0,28,"United-States","<=50K"
51,"Private",96062,"HS-grad",9,"Married-civ-spouse","Transport-moving","Husband","White","Male",0,0,40,"United-States","<=50K"
66,"Private",244661,"Bachelors",13,"Married-civ-spouse","Adm-clerical","Husband","Asian-Pac-Islander","Male",0,0,40,"Philippines","<=50K"
19,"Private",321817,"11th",7,"Never-married","Other-service","Own-child","White","Female",0,0,40,"United-States","<=50K"
34,"Private",173495,"HS-grad",9,"Divorced","Transport-moving","Not-in-family","White","Male",0,0,40,"United-States","<=50K"
18,"Private",164134,"HS-grad",9,"Never-married","Tech-support","Own-child","White","Female",0,0,10,"United-States","<=50K"
26,"Private",132749,"Some-college",10,"Never-married","Other-service","Own-child","White","Female",0,0,45,"United-States","<=50K"
71,"Federal-gov",422149,"Some-college",10,"Married-civ-spouse","Exec-managerial","Husband","White","Male",20051,0,40,"United-States",">50K"
27,"State-gov",271243,"Some-college",10,"Divorced","Adm-clerical","Unmarried","Black","Male",0,0,40,"Jamaica","<=50K"
38,"Private",192337,"Bachelors",13,"Married-civ-spouse","Exec-managerial","Husband","White","Male",7688,0,40,"United-States",">50K"
23,"Private",175778,"Some-college",10,"Never-married","Other-service","Not-in-family","White","Female",0,0,20,"United-States","<=50K"
44,"Self-emp-not-inc",180096,"Masters",14,"Divorced","Exec-managerial","Not-in-family","White","Male",0,0,20,"United-States","<=50K"
19,"",166018,"Some-college",10,"Never-married","","Own-child","White","Female",0,0,40,"United-States","<=50K"
47,"Private",180243,"Bachelors",13,"Never-married","Sales","Other-relative","White","Female",0,0,40,"United-States","<=50K"
54,"Self-emp-not-inc",42924,"Some-college",10,"Married-civ-spouse","Sales","Husband","White","Male",0,0,50,"United-States","<=50K"
70,"Self-emp-inc",243436,"9th",5,"Divorced","Sales","Not-in-family","White","Male",0,0,45,"United-States","<=50K"
28,"Private",108569,"Bachelors",13,"Married-civ-spouse","Prof-specialty","Husband","White","Male",0,0,43,"United-States","<=50K"
22,"Private",106700,"Assoc-acdm",12,"Never-married","Adm-clerical","Own-child","White","Female",0,0,27,"United-States","<=50K"
38,"Private",177305,"HS-grad",9,"Married-civ-spouse","Craft-repair","Husband","White","Male",0,0,45,"United-States","<=50K"
19,"Private",41745,"Some-college",10,"Never-married","Exec-managerial","Own-child","White","Female",0,0,40,"United-States","<=50K"
55,"Private",323706,"Some-college",10,"Married-civ-spouse","Exec-managerial","Husband","White","Male",0,1902,40,"United-States",">50K"
79,"Self-emp-inc",97082,"12th",8,"Widowed","Sales","Not-in-family","White","Male",18481,0,45,"United-States",">50K"
24,"Self-emp-inc",142404,"Bachelors",13,"Married-civ-spouse","Exec-managerial","Husband","White","Male",0,0,40,"United-States",">50K"
33,"Private",123920,"Some-college",10,"Never-married","Exec-managerial","Not-in-family","Black","Female",0,0,40,"United-States","<=50K"
60,"Private",178764,"HS-grad",9,"Married-civ-spouse","Prof-specialty","Husband","White","Male",0,0,25,"United-States","<=50K"
45,"Private",148900,"Bachelors",13,"Married-civ-spouse","Prof-specialty","Husband","White","Male",0,0,50,"United-States",">50K"
50,"Private",188882,"11th",7,"Married-civ-spouse","Machine-op-inspct","Husband","White","Male",0,0,40,"United-States","<=50K"
45,"Private",195554,"HS-grad",9,"Married-civ-spouse","Machine-op-inspct","Husband","White","Male",0,0,45,"United-States",">50K"
55,"Federal-gov",31965,"Some-college",10,"Married-civ-spouse","Adm-clerical","Husband","White","Male",0,0,40,"United-States","<=50K"
52,"Self-emp-not-inc",417227,"HS-grad",9,"Married-civ-spouse","Transport-moving","Husband","White","Male",0,0,70,"United-States","<=50K"
27,"Private",302422,"Some-college",10,"Never-married","Machine-op-inspct","Own-child","White","Male",0,0,40,"United-States","<=50K"
59,"Federal-gov",99131,"HS-grad",9,"Never-married","Exec-managerial","Other-relative","White","Female",0,0,40,"United-States","<=50K"
40,"Self-emp-not-inc",36104,"Some-college",10,"Married-civ-spouse","Craft-repair","Husband","White","Male",0,0,40,"United-States","<=50K"
31,"Private",196227,"HS-grad",9,"Separated","Other-service","Not-in-family","White","Female",0,0,40,"United-States","<=50K"
32,"Private",343789,"HS-grad",9,"Married-civ-spouse","Machine-op-inspct","Husband","White","Male",5013,0,55,"United-States","<=50K"
35,"Private",259727,"Some-college",10,"Married-civ-spouse","Craft-repair","Husband","White","Male",0,0,55,"United-States","<=50K"
48,"Private",33669,"Some-college",10,"Married-civ-spouse","Transport-moving","Husband","White","Male",0,0,60,"United-States","<=50K"
31,"Private",123397,"HS-grad",9,"Married-civ-spouse","Transport-moving","Wife","White","Female",5178,0,35,"United-States",">50K"
46,"Private",179869,"HS-grad",9,"Married-civ-spouse","Craft-repair","Husband","White","Male",0,0,40,"United-States","<=50K"
34,"Private",100882,"Bachelors",13,"Married-civ-spouse","Sales","Husband","White","Male",0,0,47,"United-States",">50K"
22,"Private",340543,"HS-grad",9,"Never-married","Tech-support","Not-in-family","White","Female",0,0,40,"United-States","<=50K"
61,"Private",86067,"Assoc-acdm",12,"Married-civ-spouse","Sales","Husband","White","Male",15024,0,40,"United-States",">50K"
34,"Local-gov",63338,"HS-grad",9,"Never-married","Adm-clerical","Own-child","White","Female",0,0,40,"United-States","<=50K"
22,"Private",90860,"Some-college",10,"Never-married","Adm-clerical","Own-child","Asian-Pac-Islander","Female",0,0,40,"United-States","<=50K"
46,"Self-emp-not-inc",504941,"Assoc-voc",11,"Married-civ-spouse","Exec-managerial","Husband","White","Male",0,0,40,"United-States",">50K"
38,"Self-emp-inc",63322,"Bachelors",13,"Never-married","Exec-managerial","Not-in-family","White","Male",0,0,60,"United-States","<=50K"
67,"",182378,"Bachelors",13,"Married-civ-spouse","","Husband","White","Male",9386,0,60,"United-States",">50K"
34,"Private",162442,"HS-grad",9,"Married-civ-spouse","Adm-clerical","Wife","White","Female",0,0,20,"United-States",">50K"
40,"Self-emp-inc",189941,"Bachelors",13,"Married-civ-spouse","Prof-specialty","Husband","White","Male",3103,0,60,"United-States",">50K"
30,"Private",154882,"Prof-school",15,"Widowed","Other-service","Not-in-family","White","Male",0,0,35,"United-States","<=50K"
29,"Private",266043,"9th",5,"Married-civ-spouse","Transport-moving","Husband","White","Male",0,0,40,"United-States","<=50K"
17,"Private",408012,"12th",8,"Never-married","Sales","Own-child","White","Female",0,0,15,"United-States","<=50K"
37,"Private",193855,"HS-grad",9,"Married-civ-spouse","Transport-moving","Husband","White","Male",0,0,45,"United-States","<=50K"
20,"",182117,"Some-college",10,"Never-married","","Own-child","White","Male",0,0,40,"United-States","<=50K"
48,"Private",120131,"HS-grad",9,"Married-civ-spouse","Adm-clerical","Husband","White","Male",0,0,70,"United-States",">50K"
64,"Self-emp-not-inc",134960,"Bachelors",13,"Married-civ-spouse","Exec-managerial","Husband","White","Male",15024,0,35,"United-States",">50K"
18,"Private",25837,"HS-grad",9,"Never-married","Other-service","Not-in-family","White","Male",0,0,25,"United-States","<=50K"
48,"Private",182566,"Bachelors",13,"Married-civ-spouse","Sales","Husband","Black","Male",0,0,40,"United-States",">50K"
19,"Private",299598,"HS-grad",9,"Never-married","Handlers-cleaners","Own-child","White","Male",0,0,16,"United-States","<=50K"
44,"Self-emp-inc",79521,"Bachelors",13,"Married-civ-spouse","Farming-fishing","Husband","White","Male",15024,0,55,"United-States",">50K"
38,"Self-emp-inc",320811,"HS-grad",9,"Married-civ-spouse","Exec-managerial","Husband","White","Male",0,0,50,"United-States",">50K"
47,"Private",358382,"Some-college",10,"Separated","Prof-specialty","Not-in-family","Black","Male",0,0,40,"United-States","<=50K"
47,"Private",202856,"Some-college",10,"Divorced","Adm-clerical","Not-in-family","White","Female",0,0,36,"United-States","<=50K"
44,"Self-emp-inc",69333,"Bachelors",13,"Married-civ-spouse","Craft-repair","Husband","White","Male",0,0,50,"United-States",">50K"
21,"Private",143604,"Some-college",10,"Never-married","Adm-clerical","Own-child","White","Female",0,0,12,"United-States","<=50K"
33,"",216908,"10th",6,"Never-married","","Other-relative","White","Male",0,0,40,"United-States","<=50K"
27,"Private",213921,"Some-college",10,"Never-married","Handlers-cleaners","Other-relative","White","Male",0,0,30,"Mexico","<=50K"
59,"Private",144962,"HS-grad",9,"Widowed","Machine-op-inspct","Not-in-family","White","Female",0,0,40,"United-States","<=50K"
41,"Private",220531,"Prof-school",15,"Married-civ-spouse","Prof-specialty","Husband","White","Male",0,0,60,"United-States",">50K"
46,"Private",189762,"Assoc-acdm",12,"Never-married","Tech-support","Not-in-family","White","Male",0,0,56,"United-States","<=50K"
24,"Private",34568,"Assoc-voc",11,"Never-married","Transport-moving","Not-in-family","White","Male",0,0,40,"United-States","<=50K"
37,"Private",215392,"Bachelors",13,"Divorced","Prof-specialty","Not-in-family","White","Female",0,0,40,"United-States","<=50K"
37,"Private",186808,"HS-grad",9,"Never-married","Sales","Unmarried","White","Male",0,0,40,"United-States","<=50K"
44,"Self-emp-not-inc",254303,"Some-college",10,"Divorced","Other-service","Not-in-family","White","Male",0,0,45,"United-States","<=50K"
26,"Private",247196,"Some-college",10,"Never-married","Handlers-cleaners","Own-child","White","Male",0,0,35,"United-States","<=50K"
43,"Private",401134,"Assoc-acdm",12,"Divorced","Other-service","Unmarried","White","Female",0,2238,40,"United-States","<=50K"
19,"",278220,"Some-college",10,"Never-married","","Own-child","White","Female",0,1602,40,"United-States","<=50K"
49,"Self-emp-not-inc",43348,"Doctorate",16,"Never-married","Prof-specialty","Not-in-family","White","Male",99999,0,70,"United-States",">50K"
32,"Private",116138,"Masters",14,"Never-married","Tech-support","Not-in-family","Asian-Pac-Islander","Male",0,0,11,"Taiwan","<=50K"
22,"Private",148431,"HS-grad",9,"Never-married","Adm-clerical","Not-in-family","Other","Female",0,0,40,"United-States","<=50K"
53,"Self-emp-not-inc",257728,"HS-grad",9,"Married-civ-spouse","Craft-repair","Husband","White","Male",0,0,50,"United-States",">50K"
36,"Private",36989,"Some-college",10,"Married-civ-spouse","Sales","Husband","White","Male",0,0,40,"United-States","<=50K"
22,"",182771,"Assoc-voc",11,"Never-married","","Own-child","Asian-Pac-Islander","Male",0,0,20,"United-States","<=50K"
39,"Private",120985,"HS-grad",9,"Divorced","Other-service","Own-child","White","Male",0,0,40,"United-States","<=50K"
38,"Private",229180,"Bachelors",13,"Never-married","Exec-managerial","Unmarried","White","Female",0,0,40,"Cuba","<=50K"
19,"Private",107405,"Some-college",10,"Never-married","Adm-clerical","Not-in-family","White","Female",0,0,40,"United-States","<=50K"
71,"Private",101577,"HS-grad",9,"Divorced","Adm-clerical","Not-in-family","Asian-Pac-Islander","Female",0,1668,20,"United-States","<=50K"
28,"",291374,"HS-grad",9,"Separated","","Unmarried","Black","Female",0,0,30,"United-States","<=50K"
27,"Private",333990,"Assoc-voc",11,"Never-married","Exec-managerial","Own-child","White","Female",0,0,40,"United-States","<=50K"
23,"Self-emp-not-inc",409230,"1st-4th",2,"Married-civ-spouse","Sales","Other-relative","White","Male",0,0,40,"United-States","<=50K"
37,"Private",116960,"HS-grad",9,"Married-civ-spouse","Protective-serv","Husband","White","Male",0,0,40,"United-States",">50K"
47,"Private",236999,"1st-4th",2,"Married-civ-spouse","Machine-op-inspct","Husband","White","Male",0,0,40,"Mexico","<=50K"
55,"Local-gov",293104,"Some-college",10,"Married-civ-spouse","Prof-specialty","Husband","White","Male",0,0,40,"United-States","<=50K"
66,"Local-gov",36364,"HS-grad",9,"Married-civ-spouse","Craft-repair","Husband","White","Male",0,2267,40,"United-States","<=50K"
44,"Private",235182,"Some-college",10,"Married-civ-spouse","Craft-repair","Husband","White","Male",0,0,50,"United-States",">50K"
35,"Self-emp-not-inc",256992,"5th-6th",3,"Married-civ-spouse","Other-service","Wife","White","Female",0,0,15,"Mexico","<=50K"
26,"Private",193945,"Masters",14,"Never-married","Exec-managerial","Not-in-family","White","Male",0,0,60,"United-States","<=50K"
22,"",139324,"9th",5,"Never-married","","Unmarried","Black","Female",0,0,36,"United-States","<=50K"
59,"Private",109015,"Some-college",10,"Never-married","Prof-specialty","Not-in-family","White","Female",0,0,38,"United-States",">50K"
24,"Private",117779,"Bachelors",13,"Never-married","Exec-managerial","Own-child","White","Male",0,0,40,"United-States","<=50K"
31,"Private",302679,"HS-grad",9,"Never-married","Machine-op-inspct","Not-in-family","White","Male",0,0,60,"United-States","<=50K"
38,"Private",139473,"HS-grad",9,"Married-civ-spouse","Craft-repair","Husband","White","Male",0,0,50,"United-States","<=50K"
18,"Private",110142,"HS-grad",9,"Never-married","Adm-clerical","Own-child","White","Female",0,0,30,"United-States","<=50K"
24,"Private",254547,"HS-grad",9,"Never-married","Adm-clerical","Other-relative","Black","Female",0,0,20,"United-States","<=50K"
24,"Private",187551,"Some-college",10,"Never-married","Adm-clerical","Own-child","Black","Female",0,0,20,"United-States","<=50K"
45,"Self-emp-not-inc",144086,"11th",7,"Married-civ-spouse","Craft-repair","Husband","White","Male",0,0,50,"United-States","<=50K"
34,"Private",116371,"HS-grad",9,"Divorced","Other-service","Not-in-family","White","Female",0,0,38,"United-States","<=50K"
39,"Private",370585,"HS-grad",9,"Separated","Machine-op-inspct","Not-in-family","Black","Male",0,0,40,"United-States","<=50K"
41,"State-gov",116520,"Doctorate",16,"Married-civ-spouse","Prof-specialty","Husband","White","Male",0,0,40,"United-States",">50K"
33,"Private",159322,"HS-grad",9,"Divorced","Other-service","Unmarried","White","Male",0,0,40,"United-States","<=50K"
38,"Private",197113,"Some-college",10,"Divorced","Adm-clerical","Unmarried","Black","Female",0,0,20,"United-States","<=50K"
26,"",292803,"Some-college",10,"Divorced","","Other-relative","White","Female",0,0,35,"United-States","<=50K"
38,"Local-gov",73715,"Some-college",10,"Married-civ-spouse","Protective-serv","Husband","White","Male",0,0,60,"United-States",">50K"
41,"Private",27444,"Some-college",10,"Married-civ-spouse","Adm-clerical","Husband","White","Male",0,0,46,"United-States",">50K"
33,"Private",96635,"Some-college",10,"Never-married","Sales","Not-in-family","Asian-Pac-Islander","Male",0,0,26,"South","<=50K"
44,"Self-emp-inc",138991,"Some-college",10,"Married-civ-spouse","Exec-managerial","Husband","White","Male",0,0,50,"United-States",">50K"
40,"Private",174515,"HS-grad",9,"Widowed","Machine-op-inspct","Unmarried","White","Female",0,0,40,"United-States","<=50K"
34,"Private",118584,"Bachelors",13,"Never-married","Exec-managerial","Not-in-family","White","Female",0,0,40,"United-States","<=50K"
20,"Self-emp-inc",83141,"Some-college",10,"Never-married","Craft-repair","Own-child","White","Male",0,0,18,"United-States","<=50K"
35,"Private",350169,"HS-grad",9,"Divorced","Machine-op-inspct","Unmarried","White","Female",0,0,38,"Japan","<=50K"
18,"Private",237646,"Some-college",10,"Never-married","Adm-clerical","Own-child","White","Male",0,0,30,"United-States","<=50K"
58,"Private",113398,"HS-grad",9,"Never-married","Other-service","Other-relative","White","Male",0,0,25,"United-States","<=50K"
35,"Private",225860,"Assoc-voc",11,"Married-civ-spouse","Craft-repair","Husband","White","Male",0,0,40,"United-States",">50K"
20,"Private",210781,"Some-college",10,"Never-married","Adm-clerical","Own-child","White","Female",0,0,20,"United-States","<=50K"
41,"Private",445382,"Masters",14,"Married-civ-spouse","Exec-managerial","Husband","White","Male",0,1977,65,"United-States",">50K"
23,"Private",35633,"7th-8th",4,"Never-married","Machine-op-inspct","Not-in-family","White","Male",0,0,40,"United-States","<=50K"
40,"Private",146908,"HS-grad",9,"Married-civ-spouse","Prof-specialty","Husband","White","Male",0,1902,40,"United-States",">50K"
76,"Self-emp-inc",120796,"9th",5,"Married-civ-spouse","Prof-specialty","Husband","White","Male",0,0,40,"United-States","<=50K"
44,"Private",164678,"Masters",14,"Married-civ-spouse","Prof-specialty","Wife","White","Female",0,0,45,"United-States","<=50K"
50,"State-gov",229272,"HS-grad",9,"Married-civ-spouse","Craft-repair","Husband","Black","Male",0,0,40,"United-States",">50K"
50,"Private",109277,"HS-grad",9,"Married-civ-spouse","Machine-op-inspct","Husband","White","Male",0,0,40,"United-States",">50K"
28,"Private",94880,"Some-college",10,"Never-married","Craft-repair","Not-in-family","White","Male",0,0,43,"Mexico","<=50K"
48,"Private",175468,"HS-grad",9,"Married-spouse-absent","Other-service","Unmarried","White","Female",0,0,16,"United-States","<=50K"
30,"Private",241259,"Assoc-voc",11,"Married-civ-spouse","Transport-moving","Husband","White","Male",0,0,40,"United-States","<=50K"
37,"State-gov",191779,"Some-college",10,"Married-civ-spouse","Craft-repair","Husband","White","Male",0,0,40,"United-States","<=50K"
52,"Self-emp-inc",254211,"Masters",14,"Married-civ-spouse","Prof-specialty","Husband","White","Male",15024,0,60,"United-States",">50K"
45,"Local-gov",160472,"Bachelors",13,"Married-civ-spouse","Exec-managerial","Husband","White","Male",0,1977,50,"United-States",">50K"
47,"Private",175925,"10th",6,"Married-civ-spouse","Sales","Husband","White","Male",0,2179,52,"United-States","<=50K"
53,"Private",290640,"HS-grad",9,"Married-civ-spouse","Other-service","Husband","White","Male",0,0,50,"Germany",">50K"
20,"Private",89991,"Some-college",10,"Never-married","Other-service","Own-child","White","Female",0,0,32,"United-States","<=50K"
59,"Private",304779,"7th-8th",4,"Married-civ-spouse","Machine-op-inspct","Husband","White","Male",0,0,40,"United-States","<=50K"
55,"Self-emp-inc",298449,"Doctorate",16,"Married-civ-spouse","Prof-specialty","Husband","White","Male",0,2179,60,"United-States","<=50K"
50,"Self-emp-inc",52565,"Some-college",10,"Married-civ-spouse","Sales","Husband","White","Male",0,1485,40,"United-States","<=50K"
36,"State-gov",112074,"Doctorate",16,"Never-married","Prof-specialty","Not-in-family","White","Male",0,0,45,"United-States","<=50K"
53,"Private",186224,"Assoc-voc",11,"Never-married","Exec-managerial","Not-in-family","White","Male",0,0,35,"United-States","<=50K"
51,"Private",138179,"HS-grad",9,"Separated","Machine-op-inspct","Not-in-family","White","Male",0,1876,40,"United-States","<=50K"
40,"Private",105936,"HS-grad",9,"Married-civ-spouse","Sales","Wife","White","Female",5013,0,20,"United-States","<=50K"
48,"Private",285335,"11th",7,"Married-civ-spouse","Exec-managerial","Husband","White","Male",0,0,50,"United-States","<=50K"
25,"Private",181814,"11th",7,"Married-civ-spouse","Adm-clerical","Own-child","White","Female",0,0,40,"United-States","<=50K"
39,"Private",116546,"Some-college",10,"Married-civ-spouse","Sales","Husband","White","Male",0,0,50,"United-States",">50K"
44,"State-gov",267464,"Some-college",10,"Separated","Tech-support","Own-child","Black","Female",0,0,40,"United-States","<=50K"
39,"Self-emp-inc",190964,"HS-grad",9,"Married-civ-spouse","Exec-managerial","Husband","White","Male",3137,0,42,"United-States","<=50K"
72,"",177226,"HS-grad",9,"Married-civ-spouse","","Husband","White","Male",0,0,8,"United-States","<=50K"
29,"Private",177413,"HS-grad",9,"Married-civ-spouse","Machine-op-inspct","Husband","White","Male",0,0,40,"United-States",">50K"
44,"Private",202872,"Bachelors",13,"Never-married","Prof-specialty","Not-in-family","White","Female",0,0,45,"United-States","<=50K"
19,"Private",164320,"HS-grad",9,"Never-married","Transport-moving","Own-child","White","Male",0,0,40,"United-States","<=50K"
42,"Private",157425,"Bachelors",13,"Divorced","Exec-managerial","Unmarried","White","Female",0,0,45,"United-States","<=50K"
32,"Private",90969,"Assoc-voc",11,"Married-civ-spouse","Transport-moving","Husband","White","Male",0,0,45,"United-States",">50K"
30,"Private",277455,"HS-grad",9,"Never-married","Protective-serv","Not-in-family","White","Male",0,0,40,"United-States","<=50K"
41,"Private",112507,"10th",6,"Married-civ-spouse","Transport-moving","Husband","White","Male",0,0,60,"United-States","<=50K"
51,"State-gov",128260,"Bachelors",13,"Married-civ-spouse","Prof-specialty","Husband","Black","Male",0,0,40,"United-States",">50K"
24,"Private",379066,"Some-college",10,"Never-married","Adm-clerical","Not-in-family","White","Male",0,2205,24,"United-States","<=50K"
29,"Self-emp-inc",260729,"HS-grad",9,"Married-civ-spouse","Sales","Wife","White","Female",0,1977,25,"United-States",">50K"
30,"Local-gov",176992,"HS-grad",9,"Married-civ-spouse","Transport-moving","Husband","White","Male",0,0,50,"United-States",">50K"
34,"Private",426431,"Some-college",10,"Married-civ-spouse","Craft-repair","Husband","White","Male",0,0,48,"United-States",">50K"
33,"Private",174789,"HS-grad",9,"Married-civ-spouse","Craft-repair","Husband","White","Male",0,0,40,"United-States","<=50K"
44,"State-gov",185832,"Bachelors",13,"Married-civ-spouse","Adm-clerical","Husband","White","Male",0,0,46,"United-States",">50K"
44,"Private",204235,"HS-grad",9,"Married-civ-spouse","Transport-moving","Husband","White","Male",0,0,40,"United-States","<=50K"
40,"Local-gov",218995,"Some-college",10,"Married-civ-spouse","Exec-managerial","Husband","White","Male",0,0,42,"United-States",">50K"
29,"State-gov",159782,"Masters",14,"Married-civ-spouse","Prof-specialty","Wife","White","Female",0,0,45,"United-States",">50K"
61,"Private",210464,"HS-grad",9,"Divorced","Adm-clerical","Other-relative","Black","Female",0,0,35,"United-States","<=50K"
46,"Federal-gov",31141,"Some-college",10,"Divorced","Transport-moving","Not-in-family","White","Male",0,0,40,"United-States","<=50K"
50,"Private",175029,"HS-grad",9,"Married-civ-spouse","Handlers-cleaners","Husband","White","Male",0,0,40,"United-States",">50K"
31,"Private",301168,"Some-college",10,"Never-married","Craft-repair","Not-in-family","White","Male",0,0,40,"Italy","<=50K"
47,"Private",238185,"Bachelors",13,"Divorced","Adm-clerical","Not-in-family","White","Female",0,0,40,"United-States","<=50K"
48,"Private",316101,"HS-grad",9,"Divorced","Exec-managerial","Unmarried","White","Female",0,0,40,"United-States","<=50K"
43,"Self-emp-inc",214503,"HS-grad",9,"Married-civ-spouse","Exec-managerial","Husband","White","Male",0,1887,45,"United-States",">50K"
30,"Private",289442,"Bachelors",13,"Never-married","Exec-managerial","Not-in-family","White","Male",0,0,40,"United-States","<=50K"
40,"Local-gov",147206,"Assoc-voc",11,"Married-civ-spouse","Craft-repair","Husband","White","Male",0,0,35,"United-States","<=50K"
46,"Self-emp-inc",198660,"Bachelors",13,"Married-civ-spouse","Sales","Husband","White","Male",99999,0,72,"United-States",">50K"
22,"Private",276494,"HS-grad",9,"Never-married","Handlers-cleaners","Not-in-family","Black","Male",0,0,40,"United-States","<=50K"
20,"Private",181675,"HS-grad",9,"Never-married","Other-service","Not-in-family","White","Male",0,0,40,"United-States","<=50K"
27,"Private",204515,"Bachelors",13,"Never-married","Tech-support","Not-in-family","White","Female",0,0,36,"United-States","<=50K"
32,"Private",115854,"Some-college",10,"Divorced","Adm-clerical","Unmarried","Black","Female",0,0,41,"United-States","<=50K"
34,"Self-emp-not-inc",204375,"Prof-school",15,"Never-married","Prof-specialty","Not-in-family","White","Female",0,0,60,"United-States",">50K"
24,"Private",172496,"Bachelors",13,"Never-married","Tech-support","Not-in-family","White","Male",0,0,55,"United-States","<=50K"
52,"Private",208630,"HS-grad",9,"Divorced","Adm-clerical","Unmarried","White","Female",0,1741,38,"United-States","<=50K"
27,"Private",126730,"HS-grad",9,"Never-married","Sales","Not-in-family","White","Female",0,0,40,"United-States","<=50K"
20,"",122244,"HS-grad",9,"Never-married","","Not-in-family","White","Female",0,0,28,"United-States","<=50K"
19,"Private",279968,"HS-grad",9,"Never-married","Adm-clerical","Not-in-family","White","Female",0,0,42,"United-States","<=50K"
44,"Private",230684,"HS-grad",9,"Married-civ-spouse","Prof-specialty","Husband","White","Male",0,0,40,"United-States","<=50K"
29,"Private",413297,"Some-college",10,"Married-civ-spouse","Exec-managerial","Husband","White","Male",3411,0,70,"Mexico","<=50K"
42,"Private",212760,"Some-college",10,"Married-civ-spouse","Sales","Husband","White","Male",0,0,60,"United-States",">50K"
18,"Private",347336,"12th",8,"Never-married","Other-service","Own-child","White","Male",0,0,12,"United-States","<=50K"
47,"Private",191978,"Some-college",10,"Married-civ-spouse","Exec-managerial","Husband","White","Male",0,0,40,"United-States",">50K"
36,"Private",243409,"Bachelors",13,"Married-civ-spouse","Craft-repair","Husband","White","Male",0,0,45,"United-States","<=50K"
53,"Private",138022,"Bachelors",13,"Married-civ-spouse","Farming-fishing","Husband","White","Male",0,0,60,"United-States","<=50K"
27,"Private",209292,"HS-grad",9,"Never-married","Sales","Other-relative","Black","Female",0,0,32,"Dominican-Republic","<=50K"
27,"Private",366066,"Assoc-acdm",12,"Never-married","Sales","Own-child","White","Female",0,0,40,"United-States","<=50K"
33,"Private",157568,"HS-grad",9,"Married-civ-spouse","Machine-op-inspct","Husband","White","Male",0,0,40,"United-States","<=50K"
24,"Private",257621,"Bachelors",13,"Never-married","Exec-managerial","Not-in-family","White","Female",0,0,40,"United-States","<=50K"
32,"State-gov",213389,"Some-college",10,"Divorced","Protective-serv","Unmarried","White","Female",0,1726,38,"United-States","<=50K"
30,"Private",96287,"Masters",14,"Never-married","Prof-specialty","Not-in-family","White","Female",0,0,45,"United-States","<=50K"
69,"Private",119907,"Masters",14,"Divorced","Prof-specialty","Not-in-family","White","Female",0,0,40,"United-States","<=50K"
44,"Self-emp-inc",357679,"Bachelors",13,"Married-civ-spouse","Farming-fishing","Husband","White","Male",15024,0,65,"United-States",">50K"
17,"Private",47771,"11th",7,"Never-married","Prof-specialty","Own-child","White","Female",0,0,20,"United-States","<=50K"
60,"State-gov",69251,"Masters",14,"Married-civ-spouse","Prof-specialty","Husband","Asian-Pac-Islander","Male",0,0,38,"China",">50K"
32,"Private",72630,"Doctorate",16,"Never-married","Prof-specialty","Not-in-family","White","Male",3325,0,45,"United-States","<=50K"
28,"Private",213191,"HS-grad",9,"Married-civ-spouse","Other-service","Husband","White","Male",0,0,50,"United-States","<=50K"
39,"Private",139743,"HS-grad",9,"Separated","Adm-clerical","Not-in-family","White","Female",0,0,20,"United-States","<=50K"
22,"Private",268707,"11th",7,"Married-civ-spouse","Machine-op-inspct","Other-relative","White","Male",0,0,42,"United-States","<=50K"
27,"Private",160786,"HS-grad",9,"Divorced","Other-service","Not-in-family","White","Male",0,0,30,"United-States","<=50K"
51,"Private",200576,"Bachelors",13,"Divorced","Adm-clerical","Not-in-family","White","Female",0,0,40,"United-States","<=50K"
42,"State-gov",160369,"HS-grad",9,"Never-married","Protective-serv","Not-in-family","White","Male",0,0,40,"United-States",">50K"
30,"Private",248384,"HS-grad",9,"Divorced","Other-service","Unmarried","White","Female",0,0,40,"United-States","<=50K"
49,"Private",337666,"HS-grad",9,"Divorced","Machine-op-inspct","Not-in-family","Black","Male",0,0,40,"United-States","<=50K"
52,"",108211,"7th-8th",4,"Married-civ-spouse","","Husband","White","Male",0,0,40,"United-States","<=50K"
23,"Private",189832,"Assoc-acdm",12,"Never-married","Transport-moving","Unmarried","White","Female",0,0,40,"United-States","<=50K"
47,"Self-emp-inc",144579,"Bachelors",13,"Married-civ-spouse","Exec-managerial","Husband","White","Male",0,0,90,"United-States","<=50K"
34,"Private",122116,"Some-college",10,"Married-civ-spouse","Exec-managerial","Husband","White","Male",0,0,40,"United-States","<=50K"
57,"Private",178353,"HS-grad",9,"Married-civ-spouse","Craft-repair","Husband","White","Male",0,0,50,"United-States",">50K"
47,"Self-emp-not-inc",122307,"Bachelors",13,"Married-civ-spouse","Sales","Husband","White","Male",0,1887,40,"United-States",">50K"
52,"Self-emp-inc",210736,"Bachelors",13,"Married-civ-spouse","Sales","Husband","White","Male",0,0,60,"United-States","<=50K"
22,"Private",401762,"HS-grad",9,"Never-married","Adm-clerical","Not-in-family","White","Female",0,0,55,"United-States","<=50K"
23,"Private",149574,"Some-college",10,"Married-spouse-absent","Other-service","Not-in-family","White","Male",0,0,45,"United-States","<=50K"
56,"Private",243076,"Some-college",10,"Never-married","Craft-repair","Unmarried","White","Male",0,0,40,"United-States","<=50K"
48,"Federal-gov",326048,"Bachelors",13,"Married-civ-spouse","Prof-specialty","Husband","White","Male",0,0,44,"United-States",">50K"
38,"Private",339025,"HS-grad",9,"Married-civ-spouse","Handlers-cleaners","Husband","Asian-Pac-Islander","Male",0,1579,40,"Vietnam","<=50K"
32,"Private",215047,"7th-8th",4,"Married-civ-spouse","Machine-op-inspct","Husband","White","Male",0,0,40,"United-States","<=50K"
56,"Self-emp-not-inc",156873,"HS-grad",9,"Married-civ-spouse","Craft-repair","Husband","White","Male",0,0,40,"United-States","<=50K"
36,"Private",41017,"Some-college",10,"Married-civ-spouse","Exec-managerial","Husband","White","Male",0,0,52,"United-States",">50K"
28,"Self-emp-inc",215423,"HS-grad",9,"Never-married","Exec-managerial","Not-in-family","White","Female",0,0,70,"United-States","<=50K"
51,"Self-emp-not-inc",381769,"HS-grad",9,"Married-civ-spouse","Farming-fishing","Husband","White","Male",0,0,50,"United-States","<=50K"
37,"Private",269722,"HS-grad",9,"Never-married","Adm-clerical","Own-child","White","Male",0,0,38,"United-States","<=50K"
35,"Private",161496,"Some-college",10,"Divorced","Sales","Not-in-family","White","Male",0,0,50,"United-States","<=50K"
43,"Self-emp-not-inc",316820,"Some-college",10,"Married-civ-spouse","Farming-fishing","Husband","White","Male",0,0,84,"United-States","<=50K"
53,"Self-emp-not-inc",195322,"Some-college",10,"Married-civ-spouse","Machine-op-inspct","Husband","White","Male",0,0,30,"United-States","<=50K"
48,"",266337,"HS-grad",9,"Married-civ-spouse","","Husband","White","Male",0,0,40,"United-States","<=50K"
31,"Private",225779,"HS-grad",9,"Never-married","Machine-op-inspct","Not-in-family","White","Female",0,0,40,"United-States","<=50K"
46,"Private",147640,"5th-6th",3,"Married-civ-spouse","Transport-moving","Husband","Amer-Indian-Eskimo","Male",0,1902,40,"United-States","<=50K"
18,"Private",365683,"HS-grad",9,"Never-married","Adm-clerical","Own-child","White","Female",0,0,16,"United-States","<=50K"
26,"Private",318518,"Some-college",10,"Never-married","Transport-moving","Not-in-family","White","Male",0,0,40,"United-States","<=50K"
37,"Private",88215,"Masters",14,"Never-married","Prof-specialty","Not-in-family","Asian-Pac-Islander","Female",0,0,40,"China","<=50K"
36,"State-gov",422275,"5th-6th",3,"Married-civ-spouse","Other-service","Husband","White","Male",0,0,40,"Mexico","<=50K"
49,"Private",120629,"Some-college",10,"Widowed","Sales","Unmarried","White","Female",0,0,30,"United-States","<=50K"
41,"Private",268183,"Prof-school",15,"Married-civ-spouse","Prof-specialty","Husband","White","Male",0,0,45,"United-States",">50K"
53,"State-gov",195922,"Masters",14,"Divorced","Prof-specialty","Not-in-family","White","Female",0,0,40,"United-States","<=50K"
18,"Private",308739,"HS-grad",9,"Never-married","Adm-clerical","Own-child","White","Female",0,0,20,"United-States","<=50K"
31,"Private",246439,"HS-grad",9,"Never-married","Farming-fishing","Not-in-family","White","Male",0,0,38,"United-States","<=50K"
50,"",146015,"HS-grad",9,"Married-civ-spouse","","Husband","White","Male",0,0,40,"United-States",">50K"
57,"Private",173580,"Some-college",10,"Widowed","Machine-op-inspct","Unmarried","White","Female",0,0,40,"United-States","<=50K"
25,"Private",193820,"Masters",14,"Never-married","Prof-specialty","Own-child","White","Female",0,0,40,"United-States","<=50K"
28,"Private",245790,"HS-grad",9,"Never-married","Craft-repair","Own-child","White","Male",0,0,40,"United-States","<=50K"
32,"Private",79586,"Bachelors",13,"Married-civ-spouse","Prof-specialty","Husband","Asian-Pac-Islander","Male",0,0,40,"India","<=50K"
28,"Private",216604,"Some-college",10,"Never-married","Other-service","Not-in-family","Black","Male",0,0,14,"United-States","<=50K"
72,"State-gov",120733,"7th-8th",4,"Widowed","Other-service","Unmarried","Black","Female",0,0,40,"United-States","<=50K"
43,"Local-gov",135056,"HS-grad",9,"Separated","Adm-clerical","Other-relative","White","Female",0,0,35,"United-States","<=50K"
29,"Local-gov",76978,"Some-college",10,"Never-married","Exec-managerial","Not-in-family","Black","Female",0,0,50,"United-States","<=50K"
43,"Self-emp-not-inc",75993,"HS-grad",9,"Married-civ-spouse","Craft-repair","Husband","White","Male",0,0,35,"United-States","<=50K"
44,"Federal-gov",320451,"Bachelors",13,"Married-civ-spouse","Prof-specialty","Husband","Asian-Pac-Islander","Male",15024,0,40,"Philippines",">50K"
75,"",173064,"Bachelors",13,"Married-civ-spouse","","Husband","White","Male",0,0,6,"United-States","<=50K"
46,"Private",186256,"Some-college",10,"Married-civ-spouse","Sales","Husband","White","Male",0,1902,55,"United-States",">50K"
17,"Private",206010,"12th",8,"Never-married","Other-service","Own-child","White","Female",0,0,8,"United-States","<=50K"
30,"Private",54608,"Bachelors",13,"Married-civ-spouse","Adm-clerical","Husband","White","Male",0,0,40,"United-States","<=50K"
38,"State-gov",162424,"Bachelors",13,"Married-civ-spouse","Prof-specialty","Husband","White","Male",0,0,40,"United-States",">50K"
45,"Self-emp-not-inc",183710,"9th",5,"Married-civ-spouse","Farming-fishing","Husband","White","Male",0,0,40,"United-States","<=50K"
22,"Private",306593,"HS-grad",9,"Never-married","Craft-repair","Own-child","White","Male",0,0,40,"United-States","<=50K"
33,"Local-gov",184440,"12th",8,"Never-married","Machine-op-inspct","Not-in-family","White","Male",0,0,36,"United-States","<=50K"
59,"Private",333270,"Masters",14,"Married-civ-spouse","Craft-repair","Wife","Asian-Pac-Islander","Female",0,0,35,"Philippines","<=50K"
67,"Private",227113,"Masters",14,"Married-civ-spouse","Prof-specialty","Husband","White","Male",0,2457,40,"United-States","<=50K"
26,"Private",142760,"Assoc-voc",11,"Never-married","Sales","Not-in-family","Black","Male",0,0,50,"United-States","<=50K"
74,"Private",89852,"12th",8,"Married-civ-spouse","Handlers-cleaners","Husband","White","Male",0,0,11,"United-States","<=50K"
17,"",48751,"11th",7,"Never-married","","Own-child","Black","Female",0,0,40,"United-States","<=50K"
27,"Private",247507,"HS-grad",9,"Married-civ-spouse","Craft-repair","Husband","White","Male",0,0,40,"United-States","<=50K"
38,"Private",43712,"Bachelors",13,"Married-civ-spouse","Prof-specialty","Husband","White","Male",7298,0,60,"United-States",">50K"
42,"State-gov",102343,"Prof-school",15,"Married-civ-spouse","Prof-specialty","Husband","Asian-Pac-Islander","Male",0,0,72,"India",">50K"
72,"Private",426562,"11th",7,"Divorced","Other-service","Not-in-family","Black","Female",0,0,35,"United-States","<=50K"
50,"Self-emp-inc",123429,"Bachelors",13,"Married-civ-spouse","Prof-specialty","Husband","White","Male",0,0,45,"Italy",">50K"
24,"Private",280134,"10th",6,"Never-married","Sales","Not-in-family","White","Male",0,0,49,"El-Salvador","<=50K"
27,"Private",166350,"HS-grad",9,"Never-married","Sales","Not-in-family","White","Male",0,0,50,"United-States","<=50K"
36,"Private",289190,"HS-grad",9,"Divorced","Craft-repair","Unmarried","White","Male",0,0,40,"United-States","<=50K"
35,"Private",407068,"1st-4th",2,"Married-spouse-absent","Other-service","Not-in-family","White","Male",0,0,40,"Guatemala","<=50K"
23,"Private",440456,"Bachelors",13,"Never-married","Other-service","Not-in-family","White","Male",0,0,40,"United-States","<=50K"
58,"State-gov",312351,"Bachelors",13,"Married-civ-spouse","Prof-specialty","Husband","White","Male",0,0,40,"United-States",">50K"
45,"Federal-gov",199925,"Assoc-voc",11,"Never-married","Adm-clerical","Unmarried","White","Male",0,0,48,"United-States","<=50K"
35,"Private",343403,"Some-college",10,"Never-married","Sales","Not-in-family","White","Female",0,0,40,"United-States","<=50K"
47,"Private",185041,"Some-college",10,"Married-civ-spouse","Craft-repair","Husband","White","Male",7298,0,40,"United-States",">50K"
36,"Private",115336,"Assoc-voc",11,"Married-civ-spouse","Prof-specialty","Wife","White","Female",0,0,50,"United-States",">50K"
17,"",210547,"10th",6,"Never-married","","Own-child","White","Male",0,0,40,"United-States","<=50K"
59,"Self-emp-not-inc",41258,"Bachelors",13,"Married-civ-spouse","Prof-specialty","Husband","White","Male",0,0,50,"United-States","<=50K"
41,"State-gov",180272,"Masters",14,"Never-married","Prof-specialty","Own-child","White","Female",0,0,35,"United-States","<=50K"
37,"Private",208391,"Some-college",10,"Married-civ-spouse","Transport-moving","Husband","White","Male",0,0,40,"United-States",">50K"
33,"Private",85043,"HS-grad",9,"Never-married","Farming-fishing","Not-in-family","White","Male",0,0,20,"United-States","<=50K"
44,"Private",143368,"Some-college",10,"Never-married","Other-service","Not-in-family","Black","Male",0,0,55,"United-States","<=50K"
37,"Private",162424,"HS-grad",9,"Married-civ-spouse","Craft-repair","Husband","White","Male",0,0,45,"United-States","<=50K"
54,"Local-gov",34832,"Doctorate",16,"Married-civ-spouse","Exec-managerial","Husband","White","Male",0,0,60,"United-States",">50K"
49,"Private",151107,"HS-grad",9,"Never-married","Craft-repair","Not-in-family","Black","Male",0,0,40,"United-States","<=50K"
32,"Private",115989,"11th",7,"Married-civ-spouse","Other-service","Wife","White","Female",0,0,60,"United-States","<=50K"
21,"Private",133582,"5th-6th",3,"Never-married","Farming-fishing","Not-in-family","White","Male",2176,0,36,"Mexico","<=50K"
35,"Private",341643,"Bachelors",13,"Never-married","Other-service","Other-relative","White","Male",0,0,50,"United-States","<=50K"
23,"Private",206827,"Assoc-acdm",12,"Never-married","Prof-specialty","Not-in-family","White","Female",0,0,50,"United-States","<=50K"
25,"Private",321205,"Bachelors",13,"Never-married","Exec-managerial","Not-in-family","White","Male",4101,0,35,"United-States","<=50K"
20,"Private",118462,"HS-grad",9,"Never-married","Handlers-cleaners","Own-child","White","Male",0,0,43,"United-States","<=50K"
39,"Self-emp-not-inc",183081,"Masters",14,"Never-married","Sales","Not-in-family","White","Male",0,0,60,"United-States",">50K"
40,"Private",92717,"HS-grad",9,"Never-married","Other-service","Unmarried","Black","Female",0,0,40,"United-States","<=50K"
60,"Private",297261,"Some-college",10,"Widowed","Sales","Not-in-family","White","Female",0,0,15,"United-States","<=50K"
36,"Private",111128,"HS-grad",9,"Separated","Craft-repair","Own-child","White","Male",0,0,40,"United-States","<=50K"
44,"Private",427952,"Bachelors",13,"Married-civ-spouse","Prof-specialty","Husband","White","Male",0,0,40,"United-States","<=50K"
23,"Private",285004,"Bachelors",13,"Never-married","Sales","Not-in-family","Asian-Pac-Islander","Male",0,0,50,"Taiwan","<=50K"
18,"State-gov",109445,"HS-grad",9,"Never-married","Other-service","Own-child","White","Male",0,0,25,"United-States","<=50K"
19,"Private",57366,"Some-college",10,"Never-married","Machine-op-inspct","Own-child","White","Female",0,0,30,"United-States","<=50K"
46,"Local-gov",190961,"HS-grad",9,"Separated","Adm-clerical","Unmarried","Black","Female",0,0,40,"United-States","<=50K"
41,"Private",193524,"HS-grad",9,"Married-civ-spouse","Craft-repair","Husband","White","Male",0,1485,40,"United-States","<=50K"
53,"Private",350131,"Bachelors",13,"Married-civ-spouse","Prof-specialty","Wife","White","Female",0,0,48,"United-States",">50K"
69,"",138386,"HS-grad",9,"Married-civ-spouse","","Husband","White","Male",1409,0,35,"United-States","<=50K"
45,"Private",513660,"Bachelors",13,"Never-married","Prof-specialty","Not-in-family","White","Male",0,0,40,"United-States","<=50K"
19,"Private",238969,"HS-grad",9,"Never-married","Handlers-cleaners","Own-child","White","Male",0,0,10,"United-States","<=50K"
30,"Private",95923,"Assoc-acdm",12,"Married-spouse-absent","Adm-clerical","Unmarried","White","Female",0,0,45,"United-States","<=50K"
41,"Local-gov",216116,"HS-grad",9,"Divorced","Protective-serv","Unmarried","Black","Female",0,0,40,"United-States",">50K"
20,"",68620,"Some-college",10,"Never-married","","Own-child","White","Male",0,0,40,"United-States","<=50K"
18,"",271935,"11th",7,"Never-married","","Other-relative","White","Female",0,0,20,"United-States","<=50K"
25,"Private",188119,"HS-grad",9,"Never-married","Handlers-cleaners","Not-in-family","White","Female",0,0,40,"United-States","<=50K"
44,"Private",222978,"HS-grad",9,"Divorced","Sales","Not-in-family","White","Female",0,1504,40,"United-States","<=50K"
25,"Self-emp-not-inc",257574,"Bachelors",13,"Never-married","Adm-clerical","Not-in-family","Black","Female",0,0,20,"United-States","<=50K"
40,"Self-emp-not-inc",165815,"Some-college",10,"Never-married","Craft-repair","Own-child","White","Male",0,0,40,"United-States","<=50K"
44,"Private",32000,"Bachelors",13,"Married-civ-spouse","Sales","Husband","White","Male",0,0,45,"United-States","<=50K"
32,"Local-gov",203849,"Some-college",10,"Married-civ-spouse","Transport-moving","Husband","White","Male",0,0,40,"United-States","<=50K"
41,"Private",122033,"Some-college",10,"Never-married","Exec-managerial","Unmarried","Black","Female",0,0,99,"United-States","<=50K"
20,"Private",196745,"Some-college",10,"Never-married","Other-service","Own-child","White","Female",0,0,16,"United-States","<=50K"
37,"State-gov",195843,"HS-grad",9,"Married-civ-spouse","Craft-repair","Husband","White","Male",5013,0,40,"United-States","<=50K"
37,"Private",213841,"Some-college",10,"Married-civ-spouse","Craft-repair","Husband","White","Male",0,0,50,"United-States",">50K"
24,"Private",341368,"HS-grad",9,"Never-married","Adm-clerical","Not-in-family","White","Male",0,0,40,"United-States","<=50K"
41,"Private",151856,"HS-grad",9,"Married-civ-spouse","Protective-serv","Husband","White","Male",0,0,40,"United-States","<=50K"
35,"Private",77792,"HS-grad",9,"Married-civ-spouse","Exec-managerial","Husband","White","Male",0,0,45,"United-States",">50K"
17,"Private",140027,"11th",7,"Never-married","Other-service","Own-child","White","Female",0,0,25,"United-States","<=50K"
32,"Self-emp-not-inc",33124,"Bachelors",13,"Never-married","Craft-repair","Not-in-family","White","Female",0,0,35,"United-States","<=50K"
45,"Private",174386,"HS-grad",9,"Never-married","Other-service","Other-relative","White","Female",0,0,30,"United-States","<=50K"
47,"Private",162187,"Bachelors",13,"Married-civ-spouse","Sales","Husband","White","Male",0,0,45,"United-States",">50K"
59,"Private",170104,"Bachelors",13,"Married-civ-spouse","Exec-managerial","Husband","White","Male",0,1977,50,"United-States",">50K"
42,"Private",49255,"Masters",14,"Married-civ-spouse","Prof-specialty","Husband","White","Male",4386,0,40,"United-States",">50K"
49,"Private",186256,"Some-college",10,"Married-civ-spouse","Adm-clerical","Husband","White","Male",0,0,40,"United-States","<=50K"
27,"Private",220748,"HS-grad",9,"Never-married","Handlers-cleaners","Other-relative","Black","Male",0,0,48,"United-States","<=50K"
25,"Private",219130,"Some-college",10,"Never-married","Other-service","Not-in-family","Other","Female",0,0,40,"United-States","<=50K"
17,"Self-emp-inc",413557,"9th",5,"Never-married","Sales","Own-child","White","Female",0,0,40,"United-States","<=50K"
31,"Private",354464,"HS-grad",9,"Married-civ-spouse","Other-service","Husband","White","Male",0,0,40,"United-States","<=50K"
19,"Private",174732,"Some-college",10,"Never-married","Other-service","Own-child","Black","Male",0,0,25,"United-States","<=50K"
19,"Private",352849,"HS-grad",9,"Never-married","Sales","Other-relative","Black","Female",0,1719,30,"United-States","<=50K"
24,"Local-gov",134181,"Bachelors",13,"Never-married","Prof-specialty","Own-child","White","Female",0,0,50,"United-States","<=50K"
72,"Private",157913,"Bachelors",13,"Married-civ-spouse","Protective-serv","Husband","White","Male",0,0,17,"United-States","<=50K"
31,"Private",27494,"Some-college",10,"Married-civ-spouse","Sales","Husband","Asian-Pac-Islander","Male",0,0,50,"Taiwan","<=50K"
45,"Private",180695,"Masters",14,"Never-married","Exec-managerial","Not-in-family","White","Female",0,1408,40,"United-States","<=50K"
24,"Private",154571,"Assoc-voc",11,"Never-married","Sales","Unmarried","Asian-Pac-Islander","Male",0,0,50,"South","<=50K"
25,"Private",29020,"Assoc-acdm",12,"Divorced","Adm-clerical","Not-in-family","Black","Female",0,0,45,"United-States","<=50K"
54,"Private",209464,"Some-college",10,"Divorced","Adm-clerical","Unmarried","White","Female",0,0,40,"United-States","<=50K"
66,"Local-gov",222810,"Some-college",10,"Divorced","Other-service","Other-relative","White","Female",7896,0,40,"",">50K"
32,"Private",123964,"Some-college",10,"Married-civ-spouse","Sales","Husband","White","Male",4386,0,50,"United-States","<=50K"
35,"Private",58343,"HS-grad",9,"Married-civ-spouse","Sales","Husband","White","Male",0,0,44,"United-States","<=50K"
22,"Private",374116,"HS-grad",9,"Never-married","Priv-house-serv","Own-child","White","Female",0,0,36,"United-States","<=50K"
43,"Private",331894,"Some-college",10,"Married-civ-spouse","Transport-moving","Husband","White","Male",0,0,60,"United-States",">50K"
71,"Private",196610,"7th-8th",4,"Widowed","Exec-managerial","Not-in-family","White","Male",6097,0,40,"United-States",">50K"
50,"Private",231495,"HS-grad",9,"Married-civ-spouse","Other-service","Husband","White","Male",0,0,40,"United-States","<=50K"
41,"Self-emp-not-inc",141327,"Masters",14,"Divorced","Prof-specialty","Unmarried","White","Female",0,0,35,"United-States","<=50K"
37,"Private",272950,"HS-grad",9,"Divorced","Craft-repair","Not-in-family","White","Male",0,0,40,"United-States","<=50K"
47,"Private",93449,"HS-grad",9,"Married-civ-spouse","Craft-repair","Husband","Asian-Pac-Islander","Male",0,0,60,"Japan","<=50K"
34,"Self-emp-not-inc",49707,"HS-grad",9,"Married-civ-spouse","Exec-managerial","Husband","White","Male",0,0,70,"United-States","<=50K"
57,"Private",81973,"Bachelors",13,"Married-civ-spouse","Sales","Husband","Asian-Pac-Islander","Male",15024,0,45,"United-States",">50K"
44,"Private",214546,"Some-college",10,"Married-civ-spouse","Transport-moving","Husband","White","Male",0,0,48,"United-States",">50K"
23,"Private",138513,"HS-grad",9,"Never-married","Handlers-cleaners","Not-in-family","White","Male",0,0,40,"United-States","<=50K"
27,"Private",187746,"Some-college",10,"Never-married","Other-service","Own-child","White","Female",0,0,40,"United-States","<=50K"
90,"Private",40388,"Bachelors",13,"Never-married","Exec-managerial","Not-in-family","White","Male",0,0,55,"United-States","<=50K"
30,"Private",75755,"Assoc-voc",11,"Married-civ-spouse","Prof-specialty","Husband","White","Male",0,0,40,"United-States","<=50K"
45,"Private",185437,"Assoc-acdm",12,"Divorced","Craft-repair","Not-in-family","White","Female",0,0,55,"United-States","<=50K"
32,"Private",242323,"Some-college",10,"Never-married","Adm-clerical","Own-child","White","Female",0,0,40,"United-States","<=50K"
20,"Private",199703,"HS-grad",9,"Married-civ-spouse","Other-service","Husband","White","Male",0,0,28,"United-States","<=50K"
46,"Federal-gov",297906,"Bachelors",13,"Married-civ-spouse","Prof-specialty","Husband","Asian-Pac-Islander","Male",0,0,50,"United-States",">50K"
59,"Private",75541,"HS-grad",9,"Widowed","Craft-repair","Not-in-family","White","Female",0,0,40,"United-States","<=50K"
24,"",192711,"Bachelors",13,"Never-married","","Not-in-family","White","Male",0,0,41,"United-States","<=50K"
49,"Local-gov",298445,"Prof-school",15,"Married-civ-spouse","Prof-specialty","Wife","White","Female",0,1977,60,"United-States",">50K"
47,"Private",73394,"Some-college",10,"Married-civ-spouse","Exec-managerial","Wife","White","Female",0,0,50,"United-States","<=50K"
46,"Self-emp-not-inc",31267,"HS-grad",9,"Married-civ-spouse","Transport-moving","Husband","White","Male",0,0,50,"United-States","<=50K"
37,"Federal-gov",470663,"Some-college",10,"Never-married","Craft-repair","Not-in-family","White","Male",0,0,40,"United-States","<=50K"
23,"State-gov",120172,"HS-grad",9,"Never-married","Tech-support","Not-in-family","White","Male",0,0,48,"United-States","<=50K"
56,"State-gov",153451,"Some-college",10,"Divorced","Adm-clerical","Not-in-family","White","Female",0,0,35,"United-States","<=50K"
47,"Private",107682,"HS-grad",9,"Divorced","Adm-clerical","Unmarried","White","Female",0,0,48,"United-States","<=50K"
28,"Private",293926,"HS-grad",9,"Married-civ-spouse","Craft-repair","Husband","White","Male",0,1740,30,"United-States","<=50K"
51,"Private",162988,"10th",6,"Divorced","Other-service","Unmarried","White","Female",0,0,25,"United-States","<=50K"
40,"Self-emp-inc",92036,"Bachelors",13,"Married-civ-spouse","Craft-repair","Husband","White","Male",0,0,40,"United-States","<=50K"
47,"Local-gov",48195,"Bachelors",13,"Married-civ-spouse","Prof-specialty","Husband","White","Male",0,0,72,"United-States","<=50K"
45,"Private",174794,"Bachelors",13,"Separated","Prof-specialty","Unmarried","White","Female",0,0,56,"Germany","<=50K"
46,"Local-gov",102308,"HS-grad",9,"Never-married","Craft-repair","Own-child","White","Male",0,0,40,"United-States","<=50K"
40,"Private",124520,"Assoc-voc",11,"Divorced","Craft-repair","Unmarried","White","Male",0,0,50,"United-States",">50K"
49,"Self-emp-inc",306289,"HS-grad",9,"Married-civ-spouse","Exec-managerial","Husband","White","Male",0,0,40,"United-States",">50K"
21,"Private",191497,"Some-college",10,"Never-married","Sales","Own-child","White","Female",0,0,20,"United-States","<=50K"
52,"State-gov",314627,"Masters",14,"Divorced","Prof-specialty","Not-in-family","Asian-Pac-Islander","Female",0,0,40,"United-States","<=50K"
48,"Private",118831,"HS-grad",9,"Divorced","Handlers-cleaners","Unmarried","Asian-Pac-Islander","Female",0,0,40,"South","<=50K"
37,"Private",83893,"Assoc-voc",11,"Married-civ-spouse","Adm-clerical","Husband","White","Male",0,0,40,"United-States","<=50K"
21,"",211013,"Some-college",10,"Never-married","","Own-child","White","Female",0,0,40,"United-States","<=50K"
58,"Federal-gov",497253,"Bachelors",13,"Married-civ-spouse","Exec-managerial","Husband","Black","Male",0,0,40,"United-States",">50K"
36,"Self-emp-not-inc",408427,"Prof-school",15,"Married-civ-spouse","Prof-specialty","Husband","White","Male",0,0,60,"United-States",">50K"
77,"",172744,"Some-college",10,"Married-civ-spouse","","Husband","White","Male",0,0,35,"United-States","<=50K"
32,"Private",29312,"10th",6,"Married-civ-spouse","Transport-moving","Husband","White","Male",0,0,80,"United-States",">50K"
40,"Private",33895,"HS-grad",9,"Divorced","Tech-support","Not-in-family","White","Female",0,0,40,"United-States","<=50K"
70,"Self-emp-not-inc",165586,"HS-grad",9,"Married-civ-spouse","Farming-fishing","Husband","White","Male",0,0,40,"United-States","<=50K"
27,"Private",405855,"9th",5,"Never-married","Craft-repair","Other-relative","White","Male",0,0,40,"Mexico","<=50K"
42,"Private",274913,"HS-grad",9,"Divorced","Craft-repair","Unmarried","White","Male",0,0,45,"United-States","<=50K"
44,"Private",205822,"Some-college",10,"Married-civ-spouse","Sales","Husband","White","Male",0,0,40,"United-States",">50K"
26,"Private",223558,"HS-grad",9,"Never-married","Tech-support","Unmarried","Amer-Indian-Eskimo","Female",0,0,40,"United-States","<=50K"
46,"Private",42251,"Some-college",10,"Married-civ-spouse","Sales","Husband","White","Male",0,0,45,"United-States",">50K"
44,"Private",377018,"Assoc-voc",11,"Married-civ-spouse","Craft-repair","Husband","White","Male",0,0,40,"United-States",">50K"
57,"Private",201159,"HS-grad",9,"Widowed","Sales","Not-in-family","White","Female",0,0,30,"United-States","<=50K"
33,"State-gov",200289,"Masters",14,"Married-civ-spouse","Prof-specialty","Husband","Asian-Pac-Islander","Male",0,0,19,"India","<=50K"
52,"Private",220984,"HS-grad",9,"Married-civ-spouse","Machine-op-inspct","Husband","White","Male",0,0,40,"United-States","<=50K"
28,"Private",129460,"10th",6,"Widowed","Adm-clerical","Unmarried","White","Female",0,2238,35,"United-States","<=50K"
28,"",105598,"11th",7,"Never-married","","Not-in-family","White","Male",0,1762,40,"Outlying-US(Guam-USVI-etc)","<=50K"
45,"Private",153682,"Some-college",10,"Married-civ-spouse","Adm-clerical","Husband","Black","Male",0,0,40,"United-States",">50K"
22,"Self-emp-inc",120753,"Bachelors",13,"Never-married","Sales","Own-child","White","Male",0,0,50,"United-States","<=50K"
42,"Private",32981,"HS-grad",9,"Divorced","Machine-op-inspct","Not-in-family","White","Male",0,0,40,"United-States","<=50K"
48,"Private",180695,"Some-college",10,"Divorced","Exec-managerial","Not-in-family","White","Female",0,0,38,"United-States","<=50K"
29,"Private",57889,"Bachelors",13,"Married-civ-spouse","Sales","Husband","White","Male",0,0,45,"United-States",">50K"
50,"Private",98975,"Bachelors",13,"Married-civ-spouse","Adm-clerical","Husband","White","Male",15024,0,40,"United-States",">50K"
22,"Private",210781,"Bachelors",13,"Never-married","Adm-clerical","Own-child","White","Female",0,0,40,"United-States","<=50K"
17,"Private",197850,"11th",7,"Never-married","Adm-clerical","Own-child","Asian-Pac-Islander","Female",0,0,24,"United-States","<=50K"
20,"Private",174714,"Some-college",10,"Never-married","Prof-specialty","Own-child","White","Male",0,0,15,"United-States","<=50K"
31,"Private",237317,"9th",5,"Never-married","Craft-repair","Not-in-family","Other","Male",0,0,45,"United-States","<=50K"
33,"Private",171876,"Some-college",10,"Divorced","Other-service","Unmarried","White","Female",0,0,40,"United-States","<=50K"
40,"Private",99604,"Masters",14,"Married-civ-spouse","Prof-specialty","Wife","White","Female",15024,0,24,"United-States",">50K"
25,"Private",261519,"HS-grad",9,"Never-married","Sales","Own-child","White","Male",0,0,35,"United-States","<=50K"
45,"Private",216414,"Masters",14,"Married-civ-spouse","Tech-support","Husband","White","Male",0,0,50,"United-States",">50K"
25,"Private",401241,"Some-college",10,"Never-married","Other-service","Not-in-family","White","Female",4416,0,25,"United-States","<=50K"
35,"Private",241306,"HS-grad",9,"Married-civ-spouse","Adm-clerical","Husband","White","Male",0,0,45,"United-States","<=50K"
46,"Private",175622,"Assoc-voc",11,"Married-civ-spouse","Tech-support","Husband","White","Male",0,0,40,"United-States","<=50K"
53,"Private",169182,"10th",6,"Married-spouse-absent","Machine-op-inspct","Not-in-family","White","Female",0,0,40,"Columbia","<=50K"
41,"Private",43711,"HS-grad",9,"Never-married","Other-service","Not-in-family","White","Male",0,0,30,"United-States","<=50K"
48,"Self-emp-not-inc",199058,"Bachelors",13,"Never-married","Prof-specialty","Not-in-family","White","Male",0,0,35,"United-States",">50K"
23,"Private",287681,"7th-8th",4,"Never-married","Other-service","Not-in-family","White","Male",0,0,25,"Mexico","<=50K"
49,"Local-gov",192349,"Masters",14,"Never-married","Prof-specialty","Not-in-family","White","Female",4650,0,40,"United-States","<=50K"
28,"Private",190539,"Bachelors",13,"Never-married","Prof-specialty","Not-in-family","White","Male",0,0,50,"United-States","<=50K"
62,"Local-gov",136787,"HS-grad",9,"Divorced","Transport-moving","Other-relative","White","Male",0,0,40,"United-States","<=50K"
18,"Private",215190,"12th",8,"Never-married","Sales","Own-child","White","Female",0,0,20,"United-States","<=50K"
41,"Private",54422,"HS-grad",9,"Divorced","Adm-clerical","Unmarried","White","Female",0,0,40,"United-States","<=50K"
21,"Private",154422,"Some-college",10,"Never-married","Adm-clerical","Own-child","Asian-Pac-Islander","Female",0,0,40,"United-States","<=50K"
29,"Private",334032,"Some-college",10,"Never-married","Craft-repair","Not-in-family","White","Male",0,0,40,"United-States","<=50K"
18,"Private",362302,"12th",8,"Never-married","Other-service","Own-child","White","Male",0,0,15,"United-States","<=50K"
36,"Private",188571,"HS-grad",9,"Married-civ-spouse","Craft-repair","Husband","White","Male",0,0,40,"United-States","<=50K"
17,"Private",153035,"10th",6,"Never-married","Sales","Own-child","White","Female",0,0,20,"United-States","<=50K"
40,"Self-emp-inc",49249,"Bachelors",13,"Married-civ-spouse","Exec-managerial","Husband","White","Male",0,0,50,"United-States",">50K"
35,"Private",181165,"HS-grad",9,"Divorced","Sales","Not-in-family","White","Female",0,0,40,"United-States","<=50K"
21,"Private",27162,"Some-college",10,"Never-married","Other-service","Own-child","White","Female",0,0,16,"United-States","<=50K"
50,"Private",135643,"HS-grad",9,"Married-civ-spouse","Machine-op-inspct","Other-relative","Asian-Pac-Islander","Female",0,0,40,"China","<=50K"
40,"Private",195892,"Some-college",10,"Divorced","Transport-moving","Not-in-family","Black","Female",0,0,40,"United-States","<=50K"
49,"Private",198126,"7th-8th",4,"Never-married","Farming-fishing","Not-in-family","White","Male",0,0,40,"United-States","<=50K"
40,"Private",248094,"HS-grad",9,"Married-civ-spouse","Transport-moving","Husband","White","Male",0,0,40,"United-States","<=50K"
22,"",374116,"HS-grad",9,"Never-married","","Not-in-family","White","Female",0,0,36,"United-States","<=50K"
47,"Private",97842,"Some-college",10,"Married-civ-spouse","Craft-repair","Husband","White","Male",0,0,40,"United-States","<=50K"
27,"Private",137645,"Bachelors",13,"Never-married","Sales","Not-in-family","Black","Female",0,1590,40,"United-States","<=50K"
19,"Private",117444,"HS-grad",9,"Never-married","Craft-repair","Own-child","White","Male",0,0,40,"United-States","<=50K"
38,"Federal-gov",178678,"10th",6,"Divorced","Adm-clerical","Unmarried","White","Female",0,1380,50,"United-States","<=50K"
46,"Private",585361,"9th",5,"Divorced","Exec-managerial","Unmarried","White","Female",0,0,40,"United-States","<=50K"
31,"Self-emp-not-inc",113752,"Some-college",10,"Married-civ-spouse","Craft-repair","Husband","White","Male",0,0,50,"United-States","<=50K"
45,"Private",127303,"Some-college",10,"Never-married","Machine-op-inspct","Own-child","White","Male",0,0,45,"United-States","<=50K"
29,"Private",250967,"Assoc-voc",11,"Married-civ-spouse","Machine-op-inspct","Husband","White","Male",0,1887,48,"United-States",">50K"
17,"Private",34465,"11th",7,"Never-married","Handlers-cleaners","Own-child","White","Male",0,0,32,"United-States","<=50K"
25,"Private",110138,"HS-grad",9,"Never-married","Other-service","Not-in-family","White","Male",0,0,40,"United-States","<=50K"
46,"Self-emp-not-inc",32825,"HS-grad",9,"Separated","Craft-repair","Unmarried","White","Male",0,0,40,"United-States","<=50K"
44,"Private",194049,"Some-college",10,"Divorced","Other-service","Unmarried","Black","Female",0,0,35,"United-States","<=50K"
46,"Local-gov",200947,"Bachelors",13,"Married-civ-spouse","Protective-serv","Husband","White","Male",0,0,40,"United-States",">50K"
20,"Private",85041,"Some-college",10,"Never-married","Exec-managerial","Own-child","White","Female",0,0,20,"United-States","<=50K"
43,"Federal-gov",47902,"HS-grad",9,"Married-civ-spouse","Adm-clerical","Husband","White","Male",3908,0,40,"United-States","<=50K"
47,"Private",128378,"Assoc-voc",11,"Married-civ-spouse","Adm-clerical","Husband","Black","Male",0,0,40,"United-States","<=50K"
48,"Private",190072,"Some-college",10,"Divorced","Exec-managerial","Not-in-family","White","Male",0,0,50,"United-States",">50K"
31,"State-gov",268832,"HS-grad",9,"Never-married","Adm-clerical","Not-in-family","Black","Female",0,0,37,"United-States","<=50K"
33,"Private",37274,"Bachelors",13,"Married-civ-spouse","Prof-specialty","Husband","White","Male",0,0,65,"United-States","<=50K"
19,"Private",501144,"Some-college",10,"Never-married","Sales","Other-relative","Black","Female",0,0,40,"United-States","<=50K"
23,"",163053,"10th",6,"Never-married","","Not-in-family","White","Female",0,0,20,"United-States","<=50K"
65,"Private",198766,"Masters",14,"Married-civ-spouse","Sales","Husband","White","Male",20051,0,40,"United-States",">50K"
37,"Local-gov",160910,"Bachelors",13,"Married-civ-spouse","Adm-clerical","Husband","White","Male",7298,0,40,"United-States",">50K"
19,"Private",199495,"HS-grad",9,"Never-married","Craft-repair","Own-child","White","Male",0,0,40,"United-States","<=50K"
36,"Private",141420,"Bachelors",13,"Divorced","Handlers-cleaners","Not-in-family","White","Male",0,0,30,"United-States","<=50K"
44,"Private",129100,"11th",7,"Separated","Other-service","Unmarried","Black","Female",0,0,60,"United-States","<=50K"
55,"Federal-gov",238192,"HS-grad",9,"Married-civ-spouse","Tech-support","Husband","White","Male",0,1887,40,"United-States",">50K"
44,"Federal-gov",151933,"Some-college",10,"Married-civ-spouse","Adm-clerical","Husband","White","Male",0,1485,40,"United-States",">50K"
41,"Private",41090,"HS-grad",9,"Married-civ-spouse","Craft-repair","Husband","White","Male",0,2002,60,"United-States","<=50K"
47,"State-gov",148171,"Doctorate",16,"Divorced","Prof-specialty","Unmarried","White","Male",0,0,50,"France",">50K"
35,"Private",285020,"HS-grad",9,"Never-married","Craft-repair","Not-in-family","White","Male",0,0,40,"United-States","<=50K"
71,"",45801,"HS-grad",9,"Married-civ-spouse","","Husband","White","Male",0,0,70,"United-States","<=50K"
31,"Private",27856,"HS-grad",9,"Never-married","Other-service","Unmarried","White","Female",0,0,8,"United-States","<=50K"
28,"State-gov",52636,"Masters",14,"Married-civ-spouse","Exec-managerial","Husband","White","Male",0,0,40,"United-States","<=50K"
38,"Private",340763,"HS-grad",9,"Never-married","Adm-clerical","Not-in-family","Black","Male",0,2339,47,"United-States","<=50K"
61,"Private",411652,"12th",8,"Married-civ-spouse","Craft-repair","Husband","White","Male",0,0,40,"Mexico","<=50K"
38,"Private",276559,"HS-grad",9,"Married-civ-spouse","Exec-managerial","Husband","White","Male",7688,0,70,"United-States",">50K"
38,"Private",99065,"Bachelors",13,"Never-married","Adm-clerical","Not-in-family","White","Female",0,0,50,"United-States",">50K"
30,"Private",285855,"9th",5,"Married-civ-spouse","Craft-repair","Husband","White","Male",0,0,40,"United-States","<=50K"
40,"",253370,"HS-grad",9,"Married-civ-spouse","","Wife","White","Female",0,0,35,"United-States",">50K"
25,"Private",340288,"9th",5,"Married-civ-spouse","Handlers-cleaners","Husband","White","Male",0,0,40,"United-States","<=50K"
31,"Private",117816,"7th-8th",4,"Divorced","Handlers-cleaners","Other-relative","White","Male",0,0,70,"United-States","<=50K"
53,"Self-emp-not-inc",151159,"10th",6,"Married-spouse-absent","Transport-moving","Not-in-family","White","Male",0,0,99,"United-States","<=50K"
45,"Private",288437,"HS-grad",9,"Married-civ-spouse","Transport-moving","Husband","Other","Male",4064,0,40,"United-States","<=50K"
